date,ticker,mentioned_posts,raw_occurrences,post_mentions,quote_mentions,reply_mentions
2026-03-28,AMZN,1,1,1,0,0
2026-03-28,AVGO,1,1,1,0,0
2026-03-28,AXTI,2,2,1,0,1
2026-03-28,COHR,1,2,1,0,0
2026-03-28,FN,1,1,1,0,0
2026-03-28,LCID,1,1,0,1,0
2026-03-28,LITE,3,9,1,0,2
2026-03-28,META,1,1,1,0,0
2026-03-28,MRVL,1,1,0,0,1
2026-03-28,MSFT,1,1,1,0,0
2026-03-28,NVDA,3,3,1,1,1
2026-03-28,POET,1,1,1,0,0
2026-03-28,SIVE,2,5,1,0,1
2026-03-29,AAOI,6,6,0,3,3
2026-03-29,AAPL,1,2,0,1,0
2026-03-29,AEHR,2,3,0,1,1
2026-03-29,AMC,1,1,0,1,0
2026-03-29,AMSL,1,1,0,0,1
2026-03-29,AMZN,1,1,0,1,0
2026-03-29,ARM,1,1,0,0,1
2026-03-29,ASML,1,1,0,0,1
2026-03-29,ASST,1,1,0,1,0
2026-03-29,AVGO,8,9,2,3,3
2026-03-29,AXIA,1,1,0,0,1
2026-03-29,AXTI,3,3,1,2,0
2026-03-29,BKKT,1,1,0,1,0
2026-03-29,CIEN,1,1,1,0,0
2026-03-29,COHR,3,5,1,2,0
2026-03-29,ETH,1,1,0,0,1
2026-03-29,EWY,1,1,0,0,1
2026-03-29,GFS,1,1,1,0,0
2026-03-29,GLW,1,1,1,0,0
2026-03-29,HIMS,1,2,1,0,0
2026-03-29,INTC,2,2,1,0,1
2026-03-29,IQE,1,1,0,1,0
2026-03-29,IREN,5,10,0,1,4
2026-03-29,LITE,4,7,1,2,1
2026-03-29,LITE-,1,1,0,1,0
2026-03-29,META,1,1,0,1,0
2026-03-29,MRVL,10,13,2,3,5
2026-03-29,MSFT,2,2,0,2,0
2026-03-29,MTSI,2,3,0,0,2
2026-03-29,MU,2,2,0,1,1
2026-03-29,NOK,2,2,1,1,0
2026-03-29,NVDA,3,3,1,2,0
2026-03-29,POET,2,2,0,1,1
2026-03-29,QCOM,1,1,0,0,1
2026-03-29,QLCM,2,2,1,1,0
2026-03-29,SIVE,10,14,1,3,6
2026-03-29,SNAP,2,2,0,1,1
2026-03-29,SNDK,1,1,0,1,0
2026-03-29,SOI,3,3,0,2,1
2026-03-29,TEM,1,3,1,0,0
2026-03-29,TSEM,3,3,0,2,1
2026-03-29,TSLA,1,1,0,1,0
2026-03-29,TSM,2,2,1,1,0
2026-03-30,AAOI,4,5,1,0,3
2026-03-30,AAPL,1,1,0,0,1
2026-03-30,AMKR,1,1,0,1,0
2026-03-30,AMZN,4,4,1,1,2
2026-03-30,ANSS,1,1,0,1,0
2026-03-30,ASX,1,2,0,1,0
2026-03-30,AVGO,2,3,0,2,0
2026-03-30,AXTI,2,2,0,0,2
2026-03-30,CDNS,1,1,0,1,0
2026-03-30,COHR,1,1,0,1,0
2026-03-30,FN,1,2,0,1,0
2026-03-30,FORM,1,1,0,1,0
2026-03-30,GFS,1,1,0,1,0
2026-03-30,GLW,1,1,0,1,0
2026-03-30,GOOGL,2,2,0,1,1
2026-03-30,IREN,1,2,0,1,0
2026-03-30,KEYS,1,1,0,1,0
2026-03-30,LASR,1,1,1,0,0
2026-03-30,LITE,1,1,0,1,0
2026-03-30,LMT,1,1,1,0,0
2026-03-30,META,3,3,1,1,1
2026-03-30,MP,4,4,2,0,2
2026-03-30,MRVL,4,5,0,2,2
2026-03-30,MSFT,3,3,1,1,1
2026-03-30,MTSI,2,2,0,1,1
2026-03-30,MU,1,1,1,0,0
2026-03-30,NBIS,1,1,0,1,0
2026-03-30,NVDA,3,4,0,2,1
2026-03-30,ORCL,2,2,1,0,1
2026-03-30,QCOM,1,1,0,1,0
2026-03-30,RTX,1,1,1,0,0
2026-03-30,SIVE,4,6,0,2,2
2026-03-30,SNPS,1,1,0,1,0
2026-03-30,SPY,1,1,0,0,1
2026-03-30,TER,1,1,0,1,0
2026-03-30,TSEM,1,1,0,1,0
2026-03-30,TSLA,1,1,0,0,1
2026-03-30,TSM,1,1,0,1,0
2026-03-30,USAR,3,3,2,0,1
2026-03-30,VCX,1,1,0,1,0
2026-03-31,AAOI,3,3,1,0,2
2026-03-31,AEHR,2,3,2,0,0
2026-03-31,AVGO,3,3,0,1,2
2026-03-31,AXTI,8,12,2,1,5
2026-03-31,COHR,3,5,2,0,1
2026-03-31,GFS,1,1,1,0,0
2026-03-31,GME,1,1,0,0,1
2026-03-31,GOOGL,2,2,1,0,1
2026-03-31,LITE,5,8,3,1,1
2026-03-31,META,1,1,1,0,0
2026-03-31,MRVL,9,10,3,3,3
2026-03-31,MSFT,1,1,1,0,0
2026-03-31,MTSI,1,1,1,0,0
2026-03-31,NBIS,1,1,0,0,1
2026-03-31,NVDA,9,10,3,1,5
2026-03-31,POET,2,2,0,0,2
2026-03-31,RDDT,2,2,1,0,1
2026-03-31,RKLB,1,1,1,0,0
2026-03-31,RPI,11,16,3,2,6
2026-03-31,SIVE,14,17,3,2,9
2026-03-31,SOI,2,2,1,0,1
2026-03-31,TSEM,2,2,1,0,1
2026-03-31,VNP,1,1,0,0,1
2026-04-01,AAOI,5,5,2,0,3
2026-04-01,AEHR,4,5,2,0,2
2026-04-01,AMD,3,4,2,0,1
2026-04-01,AMKR,1,1,1,0,0
2026-04-01,AMZN,3,3,2,0,1
2026-04-01,AVGO,1,1,1,0,0
2026-04-01,AXTI,4,4,1,1,2
2026-04-01,CRWV,1,1,1,0,0
2026-04-01,CSCO,1,1,1,0,0
2026-04-01,GOOGL,1,1,1,0,0
2026-04-01,INTC,1,2,1,0,0
2026-04-01,IQE,2,3,1,0,1
2026-04-01,LITE,1,1,0,0,1
2026-04-01,META,2,2,1,0,1
2026-04-01,MRVL,4,4,2,0,2
2026-04-01,MSFT,2,2,1,0,1
2026-04-01,MU,1,1,0,0,1
2026-04-01,NBIS,1,1,1,0,0
2026-04-01,NKE,2,2,1,0,1
2026-04-01,NVDA,4,4,3,0,1
2026-04-01,ORCL,2,2,1,0,1
2026-04-01,POET,6,6,2,0,4
2026-04-01,SIVE,5,5,2,0,3
2026-04-01,SOI,2,2,1,0,1
2026-04-01,TER,1,1,1,0,0
2026-04-01,VIAV,1,1,0,0,1
2026-04-02,AAOI,10,12,4,2,4
2026-04-02,ADUR,1,1,0,1,0
2026-04-02,AEHR,6,6,1,1,4
2026-04-02,AL2SI,1,1,0,1,0
2026-04-02,ALCJ,1,1,0,1,0
2026-04-02,AMZN,1,1,0,0,1
2026-04-02,ASML,1,1,0,0,1
2026-04-02,ASPI,1,1,0,1,0
2026-04-02,ASST,1,1,0,1,0
2026-04-02,AXTI,3,3,2,0,1
2026-04-02,BKKT,2,2,0,1,1
2026-04-02,BZAI,1,1,0,1,0
2026-04-02,COHR,2,2,1,0,1
2026-04-02,DRAM,1,1,1,0,0
2026-04-02,ENAFF,1,1,0,1,0
2026-04-02,ENVX,1,1,0,1,0
2026-04-02,EONR,1,1,0,1,0
2026-04-02,EOS.AX,1,1,0,1,0
2026-04-02,EQR.AX,1,1,0,1,0
2026-04-02,FLY,1,1,0,1,0
2026-04-02,HGRAF,1,1,0,1,0
2026-04-02,IQE,1,1,1,0,0
2026-04-02,IREN,7,8,1,1,5
2026-04-02,JBL,1,1,0,0,1
2026-04-02,LASR,1,1,0,1,0
2026-04-02,LITE,5,5,1,0,4
2026-04-02,LPK.DE,1,1,0,1,0
2026-04-02,MITK,1,1,0,1,0
2026-04-02,MRVL,3,3,1,0,2
2026-04-02,MSFT,2,2,0,0,2
2026-04-02,MTSI,3,3,1,0,2
2026-04-02,MU,1,1,1,0,0
2026-04-02,NBIS,3,3,1,0,2
2026-04-02,NVDA,2,2,1,0,1
2026-04-02,P4O.DE,1,1,0,1,0
2026-04-02,PLAB,1,1,0,1,0
2026-04-02,POET,1,1,0,1,0
2026-04-02,QURE,1,1,0,1,0
2026-04-02,SIVE,7,7,1,1,5
2026-04-02,SIVEF,1,1,0,0,1
2026-04-02,SMTC,2,2,1,0,1
2026-04-02,SNDK,3,3,2,0,1
2026-04-02,SOI,2,2,1,0,1
2026-04-02,TMC,1,1,0,1,0
2026-04-02,TRT,1,1,0,1,0
2026-04-02,TSEM,1,1,1,0,0
2026-04-02,VCX,1,1,0,0,1
2026-04-02,VLN,1,1,0,1,0
2026-04-02,VPG,1,1,0,1,0
2026-04-02,WATT,1,1,0,1,0
2026-04-02,WDC,1,1,1,0,0
2026-04-03,AAOI,3,3,0,0,3
2026-04-03,AEHR,2,2,0,1,1
2026-04-03,AMD,1,1,0,0,1
2026-04-03,ASML,1,1,0,0,1
2026-04-03,AVGO,1,1,1,0,0
2026-04-03,AXTI,7,7,1,1,5
2026-04-03,BKKT,1,1,0,0,1
2026-04-03,COHR,1,1,0,1,0
2026-04-03,GOOGL,2,2,0,1,1
2026-04-03,HOOD,1,1,0,1,0
2026-04-03,IBIT,1,1,0,0,1
2026-04-03,IBKR,1,1,0,0,1
2026-04-03,INTC,1,1,0,0,1
2026-04-03,IREN,1,1,0,0,1
2026-04-03,LITE,3,3,1,1,1
2026-04-03,MRVL,1,1,1,0,0
2026-04-03,MSFT,1,1,1,0,0
2026-04-03,MSTR,2,2,0,1,1
2026-04-03,NVDA,1,1,1,0,0
2026-04-03,RDDT,1,1,1,0,0
2026-04-03,RKLB,1,1,0,1,0
2026-04-03,SIVE,2,2,0,1,1
2026-04-03,SOI,1,1,0,1,0
2026-04-03,SPY,1,1,1,0,0
2026-04-03,TSEM,2,2,0,1,1
2026-04-03,TSM,1,1,0,1,0
2026-04-04,1595,1,1,1,0,0
2026-04-04,AAOI,1,1,0,0,1
2026-04-04,AEHR,1,1,0,0,1
2026-04-04,ALM,1,1,0,1,0
2026-04-04,AMC,2,2,1,0,1
2026-04-04,ARM,1,1,1,0,0
2026-04-04,ASML,1,1,1,0,0
2026-04-04,AXTI,1,1,0,1,0
2026-04-04,BYND,1,1,1,0,0
2026-04-04,CRCL,2,2,1,0,1
2026-04-04,EOS,1,1,1,0,0
2026-04-04,EOS.ASX,1,1,1,0,0
2026-04-04,EOS.AX,1,1,0,0,1
2026-04-04,EQR,1,1,0,0,1
2026-04-04,EQR.AX,1,1,0,0,1
2026-04-04,ETH,1,1,0,0,1
2026-04-04,GILT,1,1,1,0,0
2026-04-04,IREN,4,4,1,0,3
2026-04-04,LITE,1,1,0,0,1
2026-04-04,MSR,1,1,0,1,0
2026-04-04,NTTYY,1,1,1,0,0
2026-04-04,NVDA,1,1,1,0,0
2026-04-04,SAFRY,1,1,1,0,0
2026-04-04,SGBAF,1,1,1,0,0
2026-04-04,SKPJF,1,1,1,0,0
2026-04-04,SNAP,1,1,0,0,1
2026-04-04,SOFI,4,4,1,0,3
2026-04-04,TSM,1,1,1,0,0
2026-04-04,VELO,1,2,1,0,0
2026-04-04,VSAT,1,1,1,0,0
2026-04-05,AAOI,2,2,1,0,1
2026-04-05,AEHR,4,4,2,0,2
2026-04-05,AMD,1,1,0,0,1
2026-04-05,ASE,1,1,1,0,0
2026-04-05,ATEYY,1,1,1,0,0
2026-04-05,AVGO,1,1,0,0,1
2026-04-05,COHR,1,1,0,0,1
2026-04-05,CSCO,1,1,0,0,1
2026-04-05,FORM,1,1,1,0,0
2026-04-05,GOOGL,1,1,0,0,1
2026-04-05,INTC,1,1,0,0,1
2026-04-05,KEYS,1,1,1,0,0
2026-04-05,LITE,2,2,1,0,1
2026-04-05,MRVL,1,1,0,0,1
2026-04-05,SIVE,1,1,1,0,0
2026-04-05,SOI,1,1,1,0,0
2026-04-05,TSEM,1,1,1,0,0
2026-04-06,AAOI,2,2,0,0,2
2026-04-06,AAPL,1,1,0,1,0
2026-04-06,AEHR,3,3,0,1,2
2026-04-06,AMC,1,1,0,0,1
2026-04-06,AMZN,1,2,1,0,0
2026-04-06,AVGO,1,1,0,1,0
2026-04-06,AXTI,3,3,1,0,2
2026-04-06,CRWV,1,1,1,0,0
2026-04-06,GME,1,1,0,0,1
2026-04-06,GOOGL,1,1,1,0,0
2026-04-06,IBKR,1,1,0,0,1
2026-04-06,IREN,3,3,1,0,2
2026-04-06,LITE,3,3,0,1,2
2026-04-06,META,2,2,2,0,0
2026-04-06,MRVL,2,2,0,0,2
2026-04-06,MSFT,1,2,1,0,0
2026-04-06,NBIS,2,2,1,1,0
2026-04-06,NVDA,1,1,0,0,1
2026-04-06,ORCL,1,1,1,0,0
2026-04-06,SIVE,3,3,0,1,2
2026-04-06,SOI,2,2,0,0,2
2026-04-06,TSEM,2,2,0,1,1
2026-04-07,2000,1,1,0,0,1
2026-04-07,AAOI,16,16,5,2,9
2026-04-07,AEHR,12,14,2,0,10
2026-04-07,AMD,1,1,0,0,1
2026-04-07,ARM,1,1,0,0,1
2026-04-07,AVGO,1,1,1,0,0
2026-04-07,AXTI,5,5,1,1,3
2026-04-07,CIEN,1,1,0,0,1
2026-04-07,COHR,4,4,1,0,3
2026-04-07,ETH,1,1,0,1,0
2026-04-07,EWY,1,1,0,1,0
2026-04-07,GOOGL,2,2,1,0,1
2026-04-07,HOOD,1,1,0,1,0
2026-04-07,HPS.A,2,2,1,0,1
2026-04-07,IBIT,1,1,0,1,0
2026-04-07,INTC,1,1,0,0,1
2026-04-07,IQE,1,1,0,0,1
2026-04-07,JBL,1,1,0,0,1
2026-04-07,LASR,1,1,0,0,1
2026-04-07,LITE,12,12,3,2,7
2026-04-07,MRVL,2,3,0,0,2
2026-04-07,MSFT,1,1,0,1,0
2026-04-07,MTSI,1,1,1,0,0
2026-04-07,NBIS,2,2,0,1,1
2026-04-07,NVDA,3,3,1,2,0
2026-04-07,POET,2,2,0,1,1
2026-04-07,RDDT,3,3,0,2,1
2026-04-07,RKLB,1,1,1,0,0
2026-04-07,RPI,1,1,0,0,1
2026-04-07,SIVE,9,9,2,2,5
2026-04-07,SMH,1,1,1,0,0
2026-04-07,SNDK,1,1,1,0,0
2026-04-07,SOI,4,4,0,0,4
2026-04-07,TSEM,2,2,0,0,2
2026-04-07,WIX,1,1,0,0,1
2026-04-08,AAOI,8,9,2,1,5
2026-04-08,AEHR,5,7,1,1,3
2026-04-08,ALRIB,1,1,1,0,0
2026-04-08,AVGO,1,1,0,0,1
2026-04-08,AXIA,1,1,0,1,0
2026-04-08,COHR,5,5,2,1,2
2026-04-08,INTC,1,1,1,0,0
2026-04-08,IQE,1,1,1,0,0
2026-04-08,IREN,3,4,2,0,1
2026-04-08,JBL,4,4,2,0,2
2026-04-08,LITE,2,2,0,1,1
2026-04-08,MRVL,3,3,2,0,1
2026-04-08,MSFT,1,3,0,1,0
2026-04-08,NBIS,1,1,1,0,0
2026-04-08,NVDA,2,2,2,0,0
2026-04-08,POET,1,1,1,0,0
2026-04-08,SIVE,4,4,2,0,2
2026-04-08,SOI,1,1,1,0,0
2026-04-08,SPY,1,1,1,0,0
2026-04-08,VECO,1,1,0,1,0
2026-04-09,AAOI,8,8,2,2,4
2026-04-09,AEHR,6,6,0,3,3
2026-04-09,AIXA,2,2,1,0,1
2026-04-09,ALRIB,2,2,1,0,1
2026-04-09,AMKR,1,1,0,1,0
2026-04-09,AMSL,1,1,0,0,1
2026-04-09,AMZN,2,2,1,1,0
2026-04-09,ARM,1,1,0,1,0
2026-04-09,AVGO,1,1,0,1,0
2026-04-09,AXTI,3,3,0,0,3
2026-04-09,CEG,1,1,0,1,0
2026-04-09,COHR,5,5,1,1,3
2026-04-09,CRCL,1,1,0,1,0
2026-04-09,CVX,1,1,0,1,0
2026-04-09,DRAM,1,1,0,1,0
2026-04-09,FN,2,2,0,1,1
2026-04-09,GOOGL,1,2,0,1,0
2026-04-09,HIMS,1,1,0,1,0
2026-04-09,HOOD,1,1,0,1,0
2026-04-09,HPS.A,1,1,0,1,0
2026-04-09,IBIT,1,1,0,1,0
2026-04-09,INTC,2,3,0,1,1
2026-04-09,IQE,1,1,0,0,1
2026-04-09,JBL,3,3,0,1,2
2026-04-09,LASR,1,1,0,0,1
2026-04-09,LITE,6,8,2,1,3
2026-04-09,LPTH,1,1,0,1,0
2026-04-09,META,1,1,0,1,0
2026-04-09,MOG.A,1,1,0,1,0
2026-04-09,MP,1,1,0,1,0
2026-04-09,MRVL,5,5,1,1,3
2026-04-09,MSFT,5,5,1,1,3
2026-04-09,NBIS,1,1,0,1,0
2026-04-09,NEE,1,1,0,1,0
2026-04-09,NVDA,1,1,0,0,1
2026-04-09,PLTR,1,1,0,0,1
2026-04-09,POWL,2,2,0,2,0
2026-04-09,RDDT,1,1,0,1,0
2026-04-09,RKLB,2,2,0,1,1
2026-04-09,SIVE,2,2,0,0,2
2026-04-09,SMTC,2,2,0,1,1
2026-04-09,TSEM,5,6,0,2,3
2026-04-09,TSM,3,3,0,2,1
2026-04-09,VECO,1,1,1,0,0
2026-04-09,VNP,1,1,0,0,1
2026-04-09,VPG,1,1,0,1,0
2026-04-09,XLU,1,1,0,1,0
2026-04-10,2000,1,1,0,1,0
2026-04-10,5000,1,1,0,0,1
2026-04-10,AAOI,12,13,2,6,4
2026-04-10,AEHR,4,5,1,1,2
2026-04-10,ALRIB,1,1,0,0,1
2026-04-10,AMZN,1,1,0,0,1
2026-04-10,ASE,1,1,1,0,0
2026-04-10,AVGO,3,3,0,2,1
2026-04-10,AXTI,4,4,1,2,1
2026-04-10,COHR,3,3,1,1,1
2026-04-10,CRCL,1,1,1,0,0
2026-04-10,EWY,1,1,1,0,0
2026-04-10,FORM,1,1,1,0,0
2026-04-10,GDRZF,1,1,1,0,0
2026-04-10,HOOD,1,1,1,0,0
2026-04-10,IQE,4,5,1,1,2
2026-04-10,IREN,1,1,0,0,1
2026-04-10,JBL,3,3,0,2,1
2026-04-10,LITE,10,10,2,6,2
2026-04-10,LWLG,1,1,0,1,0
2026-04-10,MRVL,5,5,1,3,1
2026-04-10,MSFT,1,1,0,0,1
2026-04-10,MTSI,1,1,0,1,0
2026-04-10,NBIS,1,1,1,0,0
2026-04-10,NVDA,3,3,1,1,1
2026-04-10,OSS,1,1,1,0,0
2026-04-10,PLTR,1,1,1,0,0
2026-04-10,RKLB,1,1,1,0,0
2026-04-10,RPI,2,2,1,0,1
2026-04-10,SIVE,7,8,2,3,2
2026-04-10,SNDK,2,2,1,0,1
2026-04-10,SOI,3,3,1,1,1
2026-04-10,TSEM,3,3,2,0,1
2026-04-10,VECO,1,1,0,0,1
2026-04-11,20000,1,1,0,1,0
2026-04-11,AAOI,1,2,0,1,0
2026-04-11,ADUR,1,1,0,1,0
2026-04-11,AEHR,1,2,0,1,0
2026-04-11,AIXA,1,2,0,1,0
2026-04-11,AL2SI,1,1,0,1,0
2026-04-11,ALCJ,1,1,0,1,0
2026-04-11,ALRIB,2,3,0,1,1
2026-04-11,ASML,1,1,0,1,0
2026-04-11,ASPI,1,1,0,1,0
2026-04-11,AXTI,1,1,1,0,0
2026-04-11,BZAI,1,1,0,1,0
2026-04-11,ENAFF,1,2,0,1,0
2026-04-11,ENVX,1,1,0,1,0
2026-04-11,EONR,1,1,0,1,0
2026-04-11,EOS.AX,1,1,0,1,0
2026-04-11,EQR.AX,1,1,0,1,0
2026-04-11,FLY,1,1,0,1,0
2026-04-11,HGRAF,1,1,0,1,0
2026-04-11,IQE,1,1,0,1,0
2026-04-11,IREN,6,7,0,1,5
2026-04-11,JBL,1,1,0,1,0
2026-04-11,LASR,1,1,0,1,0
2026-04-11,LITE,1,1,0,1,0
2026-04-11,LPK.DE,1,1,0,1,0
2026-04-11,MITK,1,1,0,1,0
2026-04-11,MRVL,1,1,0,1,0
2026-04-11,MSFT,3,3,0,2,1
2026-04-11,NBIS,4,5,0,1,3
2026-04-11,NVDA,2,2,0,0,2
2026-04-11,P4O.DE,1,1,0,1,0
2026-04-11,PLAB,1,1,0,1,0
2026-04-11,POET,1,1,0,1,0
2026-04-11,QURE,1,1,0,1,0
2026-04-11,SIVE,2,3,0,2,0
2026-04-11,TMC,1,1,0,1,0
2026-04-11,TRT,1,1,0,1,0
2026-04-11,TSM,1,1,0,1,0
2026-04-11,VLN,1,1,0,1,0
2026-04-11,VPG,1,1,0,1,0
2026-04-11,WATT,1,1,0,1,0
2026-04-12,ASST,3,3,0,1,2
2026-04-12,AXTI,1,1,0,0,1
2026-04-12,BKKT,4,5,0,2,2
2026-04-12,COIN,1,1,0,1,0
2026-04-12,CRCL,1,1,0,1,0
2026-04-12,GOOGL,1,1,0,1,0
2026-04-12,INTU,1,1,0,0,1
2026-04-12,IQE,4,5,0,1,3
2026-04-12,IREN,6,8,0,2,4
2026-04-12,LITE,2,2,0,0,2
2026-04-12,META,1,1,0,1,0
2026-04-12,MRVL,1,1,0,1,0
2026-04-12,NBIS,1,1,0,0,1
2026-04-12,NVDA,5,8,0,2,3
2026-04-12,RDDT,1,1,0,0,1
2026-04-12,SNAP,1,1,0,0,1
2026-04-12,SOFI,1,1,0,0,1
2026-04-12,SOI,1,1,0,0,1
2026-04-12,TSM,1,1,0,1,0
2026-04-12,VIRT,2,2,1,0,1
2026-04-13,AAOI,2,2,1,1,0
2026-04-13,AEHR,1,1,0,1,0
2026-04-13,ALRIB,1,1,0,1,0
2026-04-13,AVGO,1,1,0,1,0
2026-04-13,AXTI,5,9,1,1,3
2026-04-13,COHR,1,1,1,0,0
2026-04-13,GOOGL,1,1,1,0,0
2026-04-13,HPS.A,3,3,0,2,1
2026-04-13,IQE,4,4,0,4,0
2026-04-13,IREN,1,1,0,0,1
2026-04-13,JBL,2,2,0,2,0
2026-04-13,LITE,4,6,1,3,0
2026-04-13,LWLG,2,2,0,1,1
2026-04-13,MRVL,2,3,0,2,0
2026-04-13,MSFT,1,1,0,1,0
2026-04-13,MTSI,1,1,0,1,0
2026-04-13,NBIS,5,5,1,1,3
2026-04-13,NVDA,2,2,1,0,1
2026-04-13,SIVE,7,7,0,3,4
2026-04-13,SNDK,1,1,1,0,0
2026-04-13,SOI,1,1,0,1,0
2026-04-13,TSEM,1,1,0,1,0
2026-04-14,AAOI,1,1,0,1,0
2026-04-14,AEHR,1,1,1,0,0
2026-04-14,ALRIB,1,1,1,0,0
2026-04-14,AMZN,1,1,0,0,1
2026-04-14,AXTI,1,1,0,0,1
2026-04-14,COHR,1,1,1,0,0
2026-04-14,FORM,2,2,1,0,1
2026-04-14,GOOGL,2,2,1,0,1
2026-04-14,INTC,1,1,0,0,1
2026-04-14,IQE,1,1,1,0,0
2026-04-14,JBL,3,3,1,0,2
2026-04-14,LITE,2,2,1,1,0
2026-04-14,LWLG,1,1,1,0,0
2026-04-14,MSFT,1,1,1,0,0
2026-04-14,NVDA,2,2,1,0,1
2026-04-14,RPI,1,1,0,1,0
2026-04-14,SIVE,4,4,1,1,2
2026-04-14,SOI,1,1,0,1,0
2026-04-14,TER,1,1,1,0,0
2026-04-14,TSM,1,1,1,0,0
2026-04-15,2000,1,1,0,1,0
2026-04-15,ALRIB,4,4,1,2,1
2026-04-15,AVGO,1,1,0,1,0
2026-04-15,BIRD,3,3,1,0,2
2026-04-15,CRM,1,1,0,0,1
2026-04-15,GOOGL,1,1,0,0,1
2026-04-15,HIMS,3,6,0,1,2
2026-04-15,IONQ,1,1,0,0,1
2026-04-15,IQE,2,3,1,1,0
2026-04-15,IREN,1,1,0,0,1
2026-04-15,JBL,8,9,1,4,3
2026-04-15,LITE,5,5,1,3,1
2026-04-15,LWLG,1,1,1,0,0
2026-04-15,META,3,3,0,2,1
2026-04-15,MRVL,6,6,1,2,3
2026-04-15,MSFT,7,7,1,4,2
2026-04-15,MTSI,2,2,0,1,1
2026-04-15,NVDA,1,1,0,0,1
2026-04-15,NVO,1,1,0,1,0
2026-04-15,POET,1,1,0,0,1
2026-04-15,PYPL,1,1,0,0,1
2026-04-15,QBTS,1,1,0,0,1
2026-04-15,RDDT,2,2,0,1,1
2026-04-15,RGTI,1,1,0,0,1
2026-04-15,RPI,2,2,1,1,0
2026-04-15,SIVE,15,19,2,4,9
2026-04-15,SNAP,1,1,0,0,1
2026-04-15,SOI,2,2,1,1,0
2026-04-15,TSM,1,1,0,0,1
2026-04-15,VECO,1,1,0,1,0
2026-04-16,AAOI,1,1,0,1,0
2026-04-16,AEHR,4,5,1,2,1
2026-04-16,ALRIB,5,6,0,4,1
2026-04-16,ASX,1,1,0,1,0
2026-04-16,AVGO,2,2,0,1,1
2026-04-16,AXTI,6,6,0,3,3
2026-04-16,BIRD,1,1,1,0,0
2026-04-16,CRCL,2,2,0,1,1
2026-04-16,EWY,1,1,0,1,0
2026-04-16,FN,1,1,0,1,0
2026-04-16,GDRZF,1,1,0,1,0
2026-04-16,GOOGL,2,2,0,1,1
2026-04-16,HIMS,1,1,0,1,0
2026-04-16,HOOD,1,1,0,1,0
2026-04-16,HPS.A,1,1,0,0,1
2026-04-16,IQE,3,3,0,3,0
2026-04-16,JBL,3,3,1,1,1
2026-04-16,LITE,3,3,0,2,1
2026-04-16,LWLG,4,4,1,0,3
2026-04-16,MRVL,2,2,1,0,1
2026-04-16,MSFT,1,2,0,1,0
2026-04-16,NVDA,3,3,1,1,1
2026-04-16,OSS,1,1,0,1,0
2026-04-16,RGTI,1,1,1,0,0
2026-04-16,RPI,3,3,0,2,1
2026-04-16,SIVE,6,9,0,2,4
2026-04-16,SIVEF,2,2,1,1,0
2026-04-16,SOI,5,6,0,3,2
2026-04-16,TSEM,2,2,0,1,1
2026-04-16,VECO,1,1,0,1,0
2026-04-16,WLFI,1,1,0,0,1
2026-04-17,AAOI,2,2,0,2,0
2026-04-17,AEHR,2,2,0,2,0
2026-04-17,ALRIB,1,1,0,1,0
2026-04-17,AXTI,3,3,0,3,0
2026-04-17,CRCL,1,1,0,1,0
2026-04-17,EWY,1,1,0,1,0
2026-04-17,GDRZF,1,1,0,1,0
2026-04-17,HIMS,2,2,0,1,1
2026-04-17,HOOD,1,1,1,0,0
2026-04-17,HPS.A,2,2,0,1,1
2026-04-17,IQE,2,2,0,1,1
2026-04-17,IREN,1,1,0,1,0
2026-04-17,LITE,1,1,0,1,0
2026-04-17,MSFT,1,1,0,1,0
2026-04-17,NVO,1,1,0,1,0
2026-04-17,OSS,1,1,0,1,0
2026-04-17,RDDT,1,1,0,1,0
2026-04-17,RPI,1,1,0,1,0
2026-04-17,SIVE,2,2,0,0,2
2026-04-17,SIVEF,1,1,0,1,0
2026-04-17,SOI,3,3,0,2,1
2026-04-17,TSEM,2,3,0,2,0
2026-04-18,AAOI,1,1,0,0,1
2026-04-18,ALAB,1,1,0,0,1
2026-04-18,ALRIB,1,1,0,0,1
2026-04-18,AMZN,3,3,1,0,2
2026-04-18,ASML,1,1,1,0,0
2026-04-18,ASX,1,1,0,0,1
2026-04-18,AXTI,3,3,1,0,2
2026-04-18,DRAM,1,1,0,0,1
2026-04-18,EWY,1,1,0,0,1
2026-04-18,GOOGL,1,1,0,0,1
2026-04-18,HPS.A,1,1,0,0,1
2026-04-18,HSP.A,1,1,0,0,1
2026-04-18,IQE,2,2,1,0,1
2026-04-18,JBL,3,3,0,0,3
2026-04-18,LITE,1,1,0,0,1
2026-04-18,MRVL,2,2,0,0,2
2026-04-18,MSFT,1,1,0,0,1
2026-04-18,MTSI,1,1,0,0,1
2026-04-18,NVDA,1,1,0,0,1
2026-04-18,POET,1,2,0,0,1
2026-04-18,RDDT,1,1,0,0,1
2026-04-18,RPI,1,1,0,0,1
2026-04-18,SIVE,8,9,2,0,6
2026-04-18,TSEM,1,1,0,0,1
2026-04-18,TSLA,1,1,1,0,0
2026-04-18,TSM,1,2,1,0,0
2026-04-18,UMC,1,1,1,0,0
2026-04-19,AAOI,3,3,0,1,2
2026-04-19,AEHR,2,2,0,1,1
2026-04-19,AIXA,1,1,0,0,1
2026-04-19,ALMU,1,1,0,0,1
2026-04-19,ALRIB,3,3,0,1,2
2026-04-19,AMD,1,1,0,1,0
2026-04-19,AMZN,3,3,1,1,1
2026-04-19,ARM,2,2,0,2,0
2026-04-19,ASML,1,1,0,0,1
2026-04-19,ASTS,2,3,1,0,1
2026-04-19,AVGO,2,2,0,2,0
2026-04-19,AXTI,3,3,0,2,1
2026-04-19,COHR,1,1,0,1,0
2026-04-19,FLY,1,1,0,0,1
2026-04-19,GOOGL,4,5,1,2,1
2026-04-19,HIMS,1,1,0,0,1
2026-04-19,HPS.A,1,1,0,1,0
2026-04-19,IQE,3,3,0,2,1
2026-04-19,JBL,2,3,0,1,1
2026-04-19,LITE,3,4,0,2,1
2026-04-19,LWLG,1,1,0,1,0
2026-04-19,MRVL,5,6,1,2,2
2026-04-19,MSFT,5,5,0,2,3
2026-04-19,MTSI,1,1,0,1,0
2026-04-19,NBIS,2,2,0,2,0
2026-04-19,NVDA,2,3,0,2,0
2026-04-19,POET,1,1,1,0,0
2026-04-19,RDDT,1,1,0,0,1
2026-04-19,RKLB,2,2,1,0,1
2026-04-19,RPI,2,2,0,2,0
2026-04-19,SIVE,6,6,1,3,2
2026-04-19,SOI,1,1,0,1,0
2026-04-19,TSEM,1,1,0,1,0
2026-04-19,TSM,2,2,0,1,1
2026-04-19,TTD,1,1,0,0,1
2026-04-19,VECO,1,1,0,0,1
2026-04-20,AEHR,1,1,0,1,0
2026-04-20,ALMU,1,1,0,0,1
2026-04-20,ALRIB,1,1,1,0,0
2026-04-20,AMD,2,3,0,1,1
2026-04-20,ARM,2,2,0,1,1
2026-04-20,ASX,2,2,2,0,0
2026-04-20,ATEYY,2,2,2,0,0
2026-04-20,AVGO,1,1,0,0,1
2026-04-20,CAR,1,1,1,0,0
2026-04-20,CDNS,1,1,1,0,0
2026-04-20,FN,2,2,2,0,0
2026-04-20,GFS,5,7,2,1,2
2026-04-20,GLW,4,4,2,1,1
2026-04-20,GOOGL,3,3,0,2,1
2026-04-20,HIMS,1,1,0,1,0
2026-04-20,HOOD,1,1,0,0,1
2026-04-20,HPS.A,2,2,0,2,0
2026-04-20,IBKR,1,1,0,0,1
2026-04-20,INTC,2,2,1,1,0
2026-04-20,IQE,1,1,1,0,0
2026-04-20,IREN,1,1,1,0,0
2026-04-20,JBL,1,1,0,0,1
2026-04-20,KEYS,2,2,2,0,0
2026-04-20,LITE,3,5,2,1,0
2026-04-20,LPK,1,1,0,1,0
2026-04-20,LPKK,1,1,0,1,0
2026-04-20,META,1,1,0,1,0
2026-04-20,MRVL,3,3,1,1,1
2026-04-20,MSFT,2,2,1,1,0
2026-04-20,NBIS,1,1,1,0,0
2026-04-20,NVDA,2,2,0,0,2
2026-04-20,ONTO,1,1,0,1,0
2026-04-20,ORCL,1,1,1,0,0
2026-04-20,RPI,1,1,1,0,0
2026-04-20,SEIGY,1,1,1,0,0
2026-04-20,SHMD,2,2,0,1,1
2026-04-20,SIVE,9,12,4,2,3
2026-04-20,SNPS,1,1,1,0,0
2026-04-20,SOI,4,4,2,1,1
2026-04-20,TTD,2,2,0,1,1
2026-04-21,AMD,3,9,0,3,0
2026-04-21,AXTI,1,1,1,0,0
2026-04-21,BIRD,1,1,0,1,0
2026-04-21,CAR,1,1,0,1,0
2026-04-21,GFS,3,5,0,3,0
2026-04-21,JBL,2,2,0,1,1
2026-04-21,LITE,2,4,0,2,0
2026-04-21,LPK,2,2,1,1,0
2026-04-21,MRVL,2,2,0,1,1
2026-04-21,MTSI,1,1,0,1,0
2026-04-21,RPI,1,1,0,1,0
2026-04-21,SHMD,1,1,0,0,1
2026-04-21,SIVE,3,10,0,3,0
2026-04-21,SOI,1,1,0,1,0
2026-04-21,VICR,1,1,0,0,1
2026-04-22,AEIS,1,1,0,1,0
2026-04-22,AIXA,1,1,0,0,1
2026-04-22,ALRIB,2,2,0,2,0
2026-04-22,AMAT,1,1,0,0,1
2026-04-22,AMD,3,3,1,0,2
2026-04-22,AMSC,3,4,0,2,1
2026-04-22,AMZN,1,1,0,1,0
2026-04-22,AOSL,1,1,0,0,1
2026-04-22,ARM,1,1,0,1,0
2026-04-22,ASMC,1,1,0,0,1
2026-04-22,ASML,1,1,0,0,1
2026-04-22,ATKR,1,1,0,1,0
2026-04-22,AVGO,1,1,0,1,0
2026-04-22,AXTI,3,3,0,2,1
2026-04-22,AZZ,1,1,0,1,0
2026-04-22,CLF,1,2,0,1,0
2026-04-22,ETN,1,1,1,0,0
2026-04-22,GOOGL,1,1,0,1,0
2026-04-22,HPS.A,3,4,0,1,2
2026-04-22,INTC,4,4,1,1,2
2026-04-22,IQE,3,3,0,3,0
2026-04-22,JBL,2,2,0,1,1
2026-04-22,KLAC,1,1,0,0,1
2026-04-22,LPK,3,3,0,2,1
2026-04-22,LRCX,1,1,0,0,1
2026-04-22,MRVL,6,6,1,3,2
2026-04-22,MSFT,2,2,0,1,1
2026-04-22,NVDA,5,5,2,2,1
2026-04-22,NVTS,4,5,1,1,2
2026-04-22,PLPC,1,2,0,1,0
2026-04-22,POET,4,5,1,2,1
2026-04-22,POWL,1,2,0,1,0
2026-04-22,SIVE,8,9,1,4,3
2026-04-22,SNDK,2,2,1,0,1
2026-04-22,SOI,2,2,0,1,1
2026-04-22,SPXC,1,1,0,1,0
2026-04-22,STM,1,1,1,0,0
2026-04-22,TSM,4,4,1,1,2
2026-04-22,TXN,1,1,1,0,0
2026-04-22,VICR,2,2,1,1,0
2026-04-22,VMI,1,1,0,1,0
2026-04-22,VRT,1,1,1,0,0
2026-04-22,VSH,2,2,0,1,1
2026-04-23,AAOI,2,3,1,0,1
2026-04-23,AAPL,7,7,0,2,5
2026-04-23,AMD,2,4,1,1,0
2026-04-23,AMKR,1,1,0,1,0
2026-04-23,AMSC,1,1,0,0,1
2026-04-23,AMZN,3,4,1,2,0
2026-04-23,ARM,2,2,1,1,0
2026-04-23,AVGO,3,3,1,1,1
2026-04-23,AXTI,1,1,0,0,1
2026-04-23,BYNO,1,1,0,0,1
2026-04-23,COHR,2,2,0,2,0
2026-04-23,CRCL,1,1,0,1,0
2026-04-23,CVX,1,1,0,1,0
2026-04-23,DRAM,1,1,0,1,0
2026-04-23,FN,1,1,0,1,0
2026-04-23,GFS,1,4,1,0,0
2026-04-23,GOOGL,4,5,1,3,0
2026-04-23,HIMS,1,1,0,1,0
2026-04-23,HOOD,4,4,0,2,2
2026-04-23,IBIT,1,1,0,1,0
2026-04-23,IBKR,2,2,0,1,1
2026-04-23,INTC,6,6,4,1,1
2026-04-23,IREN,2,2,1,0,1
2026-04-23,JBL,6,7,1,2,3
2026-04-23,LITE,6,7,2,2,2
2026-04-23,LPK,1,1,1,0,0
2026-04-23,LPTH,1,1,0,1,0
2026-04-23,LULU,2,2,1,0,1
2026-04-23,LWLG,1,1,0,0,1
2026-04-23,META,5,6,1,2,2
2026-04-23,MOG.A,1,1,0,1,0
2026-04-23,MP,1,1,0,1,0
2026-04-23,MRVL,5,6,2,2,1
2026-04-23,MSFT,4,5,1,2,1
2026-04-23,MSTR,1,1,0,0,1
2026-04-23,MTSI,2,2,1,0,1
2026-04-23,MU,1,1,1,0,0
2026-04-23,MXL,1,1,0,0,1
2026-04-23,NBIS,1,1,0,1,0
2026-04-23,NKE,1,1,1,0,0
2026-04-23,NVDA,3,4,2,1,0
2026-04-23,POET,1,2,1,0,0
2026-04-23,POWL,1,1,0,1,0
2026-04-23,RKLB,2,2,0,1,1
2026-04-23,SIVE,14,25,1,3,10
2026-04-23,SMTC,1,1,0,1,0
2026-04-23,SNDK,1,1,1,0,0
2026-04-23,TSEM,2,2,0,1,1
2026-04-23,TSM,1,1,0,1,0
2026-04-23,VPG,1,1,0,1,0
2026-04-23,XLU,1,1,0,1,0
2026-04-24,AAOI,2,2,2,0,0
2026-04-24,AAPL,6,6,0,1,5
2026-04-24,AEHR,1,1,1,0,0
2026-04-24,AMSC,1,1,0,0,1
2026-04-24,AXTI,2,2,0,1,1
2026-04-24,HPS.A,1,1,0,1,0
2026-04-24,IQE,2,2,0,0,2
2026-04-24,JBL,2,2,0,1,1
2026-04-24,LITE,1,1,1,0,0
2026-04-24,MRVL,2,2,0,1,1
2026-04-24,MXL,1,1,1,0,0
2026-04-24,NVDA,1,1,0,0,1
2026-04-24,PLPC,1,1,0,0,1
2026-04-24,SIVE,7,7,1,1,5
2026-04-24,SNDK,1,1,1,0,0
2026-04-24,SOI,3,3,1,0,2
2026-04-25,AAOI,2,2,0,1,1
2026-04-25,AAPL,1,1,0,0,1
2026-04-25,AEHR,3,3,0,1,2
2026-04-25,ALMU,1,1,0,1,0
2026-04-25,ALRIB,1,1,0,1,0
2026-04-25,AMD,3,3,1,0,2
2026-04-25,AMSC,1,1,0,0,1
2026-04-25,ARM,1,1,0,0,1
2026-04-25,ASX,1,1,0,0,1
2026-04-25,AXTI,2,3,1,1,0
2026-04-25,COHR,1,2,0,1,0
2026-04-25,HOOD,2,2,0,0,2
2026-04-25,INTC,2,2,0,0,2
2026-04-25,IQE,1,1,1,0,0
2026-04-25,IREN,10,11,1,1,8
2026-04-25,JBL,2,2,0,1,1
2026-04-25,LITE,2,4,0,1,1
2026-04-25,LWLG,1,1,0,0,1
2026-04-25,MRVL,1,1,0,0,1
2026-04-25,MXL,1,1,0,0,1
2026-04-25,NBIS,1,1,0,0,1
2026-04-25,NVDA,2,2,0,1,1
2026-04-25,PLTR,1,1,0,0,1
2026-04-25,POET,1,1,0,1,0
2026-04-25,RDDT,2,2,1,0,1
2026-04-25,RKLB,4,4,1,0,3
2026-04-25,SIVE,5,5,1,1,3
2026-04-25,TSEM,2,2,0,1,1
2026-04-25,TSM,1,1,0,0,1
2026-04-26,AAOI,1,1,1,0,0
2026-04-26,AAPL,1,1,0,1,0
2026-04-26,AMAT,1,1,1,0,0
2026-04-26,AMD,2,2,1,1,0
2026-04-26,AMKR,1,1,0,0,1
2026-04-26,AMSC,1,1,1,0,0
2026-04-26,AMZN,1,1,0,1,0
2026-04-26,ARM,1,1,1,0,0
2026-04-26,ASE,1,1,0,0,1
2026-04-26,ATKR,1,1,1,0,0
2026-04-26,AVGO,1,1,0,0,1
2026-04-26,COHR,1,1,1,0,0
2026-04-26,DOW,1,1,1,0,0
2026-04-26,GOOGL,1,1,1,0,0
2026-04-26,HPS.A,2,2,1,0,1
2026-04-26,INTC,2,2,1,0,1
2026-04-26,IQE,1,1,1,0,0
2026-04-26,JBL,1,1,0,1,0
2026-04-26,KLAC,1,1,1,0,0
2026-04-26,LITE,2,2,1,1,0
2026-04-26,LPK,2,2,1,0,1
2026-04-26,MRVL,2,2,1,1,0
2026-04-26,MSFT,1,1,0,1,0
2026-04-26,MU,1,1,1,0,0
2026-04-26,NVDA,1,1,0,1,0
2026-04-26,PLPC,1,1,1,0,0
2026-04-26,POET,2,2,1,1,0
2026-04-26,POWL,1,1,1,0,0
2026-04-26,SIVE,4,5,1,1,2
2026-04-26,SOI,1,1,0,0,1
2026-04-26,TSM,2,2,2,0,0
2026-04-26,VICR,1,1,1,0,0
2026-04-27,AAOI,2,2,1,0,1
2026-04-27,AAPL,5,5,0,2,3
2026-04-27,ALRIB,1,1,0,1,0
2026-04-27,AMD,5,5,0,2,3
2026-04-27,ASML,1,1,1,0,0
2026-04-27,AVGO,2,2,1,0,1
2026-04-27,AXTI,1,1,0,0,1
2026-04-27,CMG,1,1,0,0,1
2026-04-27,COHR,3,3,0,2,1
2026-04-27,EWY,1,1,0,1,0
2026-04-27,GFS,6,6,0,2,4
2026-04-27,GOOGL,1,1,0,0,1
2026-04-27,IBKR,2,2,1,0,1
2026-04-27,INTC,2,2,1,1,0
2026-04-27,IQE,3,3,1,0,2
2026-04-27,JBL,5,6,1,1,3
2026-04-27,LITE,11,15,1,3,7
2026-04-27,LPK,2,2,1,1,0
2026-04-27,LWLG,1,1,0,1,0
2026-04-27,META,1,1,1,0,0
2026-04-27,MRVL,16,19,3,3,10
2026-04-27,MTSI,9,9,1,2,6
2026-04-27,MU,2,2,1,1,0
2026-04-27,NVDA,6,6,0,2,4
2026-04-27,POET,9,15,2,1,6
2026-04-27,SIVE,21,26,2,5,14
2026-04-27,SNDK,2,2,0,1,1
2026-04-27,TSEM,1,1,0,1,0
2026-04-27,TSM,1,1,1,0,0
2026-04-27,XLU,1,1,0,0,1
2026-04-28,AAOI,3,3,1,0,2
2026-04-28,AAPL,3,3,0,1,2
2026-04-28,AEHR,1,1,0,1,0
2026-04-28,AEVA,1,1,0,1,0
2026-04-28,AMD,2,4,0,1,1
2026-04-28,AVGO,1,1,0,0,1
2026-04-28,AXTI,1,1,0,1,0
2026-04-28,COHR,2,2,0,1,1
2026-04-28,GFS,1,2,0,1,0
2026-04-28,HOOD,5,6,1,0,4
2026-04-28,HPS.A,1,1,0,1,0
2026-04-28,IBKR,6,6,1,1,4
2026-04-28,IQE,1,1,0,1,0
2026-04-28,JBL,1,3,0,1,0
2026-04-28,LITE,4,8,0,1,3
2026-04-28,LPK,2,2,0,1,1
2026-04-28,MRVL,2,3,0,1,1
2026-04-28,MTSI,4,5,0,1,3
2026-04-28,NVDA,4,6,1,1,2
2026-04-28,NXPI,1,1,0,0,1
2026-04-28,POET,1,1,0,0,1
2026-04-28,QCOM,1,1,0,0,1
2026-04-28,RDDT,1,1,1,0,0
2026-04-28,SIVE,5,11,0,2,3
2026-04-28,SOI,2,2,0,2,0
2026-04-28,TSEM,1,1,1,0,0
2026-04-29,AAOI,2,2,0,1,1
2026-04-29,AAPL,2,2,2,0,0
2026-04-29,AEHR,1,2,1,0,0
2026-04-29,ALRIB,2,2,0,1,1
2026-04-29,AMAT,1,1,1,0,0
2026-04-29,AMD,1,1,1,0,0
2026-04-29,AMSL,1,1,1,0,0
2026-04-29,AMZN,2,3,2,0,0
2026-04-29,ARM,1,1,0,0,1
2026-04-29,ASML,1,1,1,0,0
2026-04-29,ASX,1,1,0,0,1
2026-04-29,AVGO,1,1,1,0,0
2026-04-29,AXTI,2,2,1,1,0
2026-04-29,CAMT,1,1,1,0,0
2026-04-29,COHR,1,1,1,0,0
2026-04-29,ERIC,1,1,0,1,0
2026-04-29,FN,1,1,1,0,0
2026-04-29,FORM,3,4,1,0,2
2026-04-29,GOOGL,1,1,0,0,1
2026-04-29,INTC,3,3,2,0,1
2026-04-29,IREN,1,1,1,0,0
2026-04-29,JBL,1,1,1,0,0
2026-04-29,KEYS,1,1,1,0,0
2026-04-29,LITE,2,2,1,0,1
2026-04-29,LPK,4,4,1,2,1
2026-04-29,LPKFF,1,1,1,0,0
2026-04-29,LRCX,1,1,1,0,0
2026-04-29,LWLG,2,2,1,1,0
2026-04-29,META,2,3,1,0,1
2026-04-29,MRVL,1,1,1,0,0
2026-04-29,MSFT,4,5,2,0,2
2026-04-29,MU,1,1,0,1,0
2026-04-29,NVDA,3,4,1,1,1
2026-04-29,ONTO,2,2,1,0,1
2026-04-29,RTX,1,1,0,1,0
2026-04-29,SIMO,1,1,1,0,0
2026-04-29,SIVE,5,5,1,2,2
2026-04-29,SOI,1,1,0,1,0
2026-04-29,TER,1,1,0,0,1
2026-04-29,TOWA,5,5,1,2,2
2026-04-29,TOWCF,1,1,0,1,0
2026-04-29,TSEM,1,1,1,0,0
2026-04-29,TSM,3,3,2,0,1
2026-04-29,VIAV,2,3,1,0,1
2026-04-30,AAOI,2,2,0,0,2
2026-04-30,AAPL,3,3,0,2,1
2026-04-30,AEHR,1,1,0,0,1
2026-04-30,ALMU,1,1,0,0,1
2026-04-30,AMAT,1,1,0,1,0
2026-04-30,AMD,3,3,0,2,1
2026-04-30,AMKR,1,1,0,1,0
2026-04-30,ASST,1,1,1,0,0
2026-04-30,ASX,1,1,0,1,0
2026-04-30,AXT,1,2,0,1,0
2026-04-30,AXTI,5,8,0,1,4
2026-04-30,BKKT,1,1,1,0,0
2026-04-30,COHR,3,4,0,3,0
2026-04-30,ERIC,1,1,0,1,0
2026-04-30,GFS,1,2,0,1,0
2026-04-30,GOOGL,1,1,0,1,0
2026-04-30,INTC,1,1,0,1,0
2026-04-30,IQE,3,3,0,0,3
2026-04-30,IREN,2,2,1,0,1
2026-04-30,JBL,2,2,0,1,1
2026-04-30,JPM,1,1,1,0,0
2026-04-30,KLA,1,1,0,1,0
2026-04-30,LCRX,1,1,0,1,0
2026-04-30,LITE,5,6,0,4,1
2026-04-30,LPK,3,6,0,1,2
2026-04-30,LPKFF,1,1,0,1,0
2026-04-30,META,1,1,0,1,0
2026-04-30,MRVL,4,5,0,3,1
2026-04-30,MSFT,1,1,0,1,0
2026-04-30,MTSI,3,3,0,1,2
2026-04-30,MU,2,2,0,1,1
2026-04-30,NVDA,1,1,0,1,0
2026-04-30,POET,1,1,0,1,0
2026-04-30,RDDT,5,5,2,0,3
2026-04-30,RTX,1,1,0,1,0
2026-04-30,SIVE,12,16,0,5,7
2026-04-30,SIVEF,3,3,0,2,1
2026-04-30,SLNH,3,3,1,0,2
2026-04-30,SNDK,3,3,1,0,2
2026-04-30,SOI,7,7,0,2,5
2026-04-30,TOWA,1,1,0,1,0
2026-04-30,TSEM,1,1,0,1,0
2026-04-30,TSM,2,2,0,2,0
2026-04-30,YSS,4,4,0,2,2
2026-05-01,2000,1,1,1,0,0
2026-05-01,AAOI,2,2,2,0,0
2026-05-01,ARM,1,1,1,0,0
2026-05-01,AXTI,1,1,1,0,0
2026-05-01,EWY,1,2,0,1,0
2026-05-01,INTC,1,1,1,0,0
2026-05-01,IQE,1,2,0,1,0
2026-05-01,MRVL,1,1,1,0,0
2026-05-01,RDDT,2,2,0,1,1
2026-05-01,RPI,1,1,0,1,0
2026-05-01,SIVE,3,3,0,2,1
2026-05-01,SIVEF,1,1,0,0,1
2026-05-01,SNDK,1,1,1,0,0
2026-05-01,SOI,2,3,1,1,0
2026-05-02,AAOI,2,3,1,0,1
2026-05-02,AEHR,1,1,0,0,1
2026-05-02,ARM,1,1,1,0,0
2026-05-02,AVGO,1,1,1,0,0
2026-05-02,AXTI,2,3,1,0,1
2026-05-02,BKKT,1,1,1,0,0
2026-05-02,COHR,1,1,1,0,0
2026-05-02,COIN,1,1,0,1,0
2026-05-02,INTC,1,1,0,1,0
2026-05-02,IREN,1,3,1,0,0
2026-05-02,LITE,2,3,1,0,1
2026-05-02,NVDA,2,2,2,0,0
2026-05-02,SIVE,5,5,2,0,3
2026-05-02,SLNH,2,3,1,0,1
2026-05-02,SOI,2,2,1,1,0
2026-05-02,TSEM,1,1,1,0,0
2026-05-03,AAOI,2,2,0,0,2
2026-05-03,AMD,2,3,1,0,1
2026-05-03,AVGO,1,1,1,0,0
2026-05-03,AXTI,1,1,0,0,1
2026-05-03,COHR,4,5,2,1,1
2026-05-03,GFS,2,3,1,0,1
2026-05-03,HOOD,1,1,0,1,0
2026-05-03,IBKR,1,1,0,1,0
2026-05-03,JBL,1,1,0,0,1
2026-05-03,KLA,1,1,1,0,0
2026-05-03,LITE,4,7,2,1,1
2026-05-03,MRVL,1,1,0,0,1
2026-05-03,MTSI,1,1,1,0,0
2026-05-03,MVL,1,1,1,0,0
2026-05-03,NVDA,3,4,1,1,1
2026-05-03,POET,2,2,1,0,1
2026-05-03,SIVE,7,11,1,2,4
2026-05-03,TSM,2,2,0,1,1
2026-05-04,AAPL,1,1,0,0,1
2026-05-04,AEHR,1,1,0,0,1
2026-05-04,ALRIB,1,1,0,0,1
2026-05-04,AMD,1,2,0,1,0
2026-05-04,ASX,1,1,0,1,0
2026-05-04,AXTI,2,2,0,2,0
2026-05-04,GFS,1,3,0,1,0
2026-05-04,JBL,1,1,0,0,1
2026-05-04,LITE,1,1,0,1,0
2026-05-04,LPK,1,1,0,1,0
2026-05-04,NBIS,1,1,1,0,0
2026-05-04,NVDA,1,1,0,1,0
2026-05-04,SIVE,7,9,1,3,3
2026-05-04,SIVEF,2,2,0,1,1
2026-05-04,SOI,2,2,0,2,0
2026-05-04,TSM,1,1,0,1,0
2026-05-05,1000,1,1,0,1,0
2026-05-05,AAOI,4,5,0,4,0
2026-05-05,AAPL,2,2,1,0,1
2026-05-05,AEHR,1,1,0,1,0
2026-05-05,AEVA,1,1,1,0,0
2026-05-05,AMD,2,2,1,0,1
2026-05-05,AMSC,1,1,0,1,0
2026-05-05,AMZN,1,1,1,0,0
2026-05-05,AXTI,2,2,1,1,0
2026-05-05,BKKT,1,1,0,0,1
2026-05-05,COHR,3,3,0,2,1
2026-05-05,ERIC,1,1,1,0,0
2026-05-05,EWY,2,2,1,1,0
2026-05-05,GFS,2,2,1,0,1
2026-05-05,GOOGL,1,1,1,0,0
2026-05-05,HPS.A,1,1,0,1,0
2026-05-05,INTC,1,1,0,0,1
2026-05-05,IQE,1,1,0,1,0
2026-05-05,IREN,1,1,0,0,1
2026-05-05,JBL,1,2,1,0,0
2026-05-05,LITE,11,15,2,4,5
2026-05-05,LPK,2,2,1,0,1
2026-05-05,META,1,1,1,0,0
2026-05-05,MRVL,1,1,1,0,0
2026-05-05,MSFT,1,1,1,0,0
2026-05-05,MTSI,1,1,1,0,0
2026-05-05,MU,1,1,1,0,0
2026-05-05,NVDA,4,4,1,1,2
2026-05-05,PLPC,1,1,0,1,0
2026-05-05,POET,2,2,2,0,0
2026-05-05,RPI,1,1,0,1,0
2026-05-05,RTX,1,1,1,0,0
2026-05-05,SIVE,9,12,3,3,3
2026-05-05,SNDK,2,2,1,1,0
2026-05-05,SOI,3,3,1,2,0
2026-05-05,TSEM,2,2,0,2,0
2026-05-05,YSS,1,1,1,0,0
2026-05-06,AAOI,2,2,0,2,0
2026-05-06,ALMU,2,2,0,1,1
2026-05-06,AMAT,1,1,0,0,1
2026-05-06,AMD,1,1,0,0,1
2026-05-06,ARM,3,4,0,2,1
2026-05-06,AXTI,2,2,0,2,0
2026-05-06,COHR,1,1,0,1,0
2026-05-06,EWY,1,1,0,1,0
2026-05-06,HPS.A,1,1,0,1,0
2026-05-06,INTC,2,2,0,0,2
2026-05-06,LITE,2,3,0,2,0
2026-05-06,LPK,3,3,0,1,2
2026-05-06,POET,1,1,0,0,1
2026-05-06,SIMO,1,1,0,1,0
2026-05-06,SIVE,2,2,0,2,0
2026-05-06,SIVEF,2,2,0,2,0
2026-05-06,SOI,1,1,0,1,0
2026-05-06,TOWA,1,1,0,1,0
2026-05-07,AAOI,4,4,1,0,3
2026-05-07,AIXA,1,1,0,0,1
2026-05-07,AMD,1,1,0,0,1
2026-05-07,ASML,1,1,0,0,1
2026-05-07,COHR,1,2,1,0,0
2026-05-07,FLNC,5,5,0,1,4
2026-05-07,GFS,1,2,0,0,1
2026-05-07,GLW,1,1,0,1,0
2026-05-07,GOOGL,2,2,0,2,0
2026-05-07,INTC,1,1,0,1,0
2026-05-07,IREN,6,11,0,1,5
2026-05-07,JBL,1,1,1,0,0
2026-05-07,LITE,2,3,1,0,1
2026-05-07,LPK,2,2,1,1,0
2026-05-07,MSFT,2,2,0,1,1
2026-05-07,NBIS,2,2,0,0,2
2026-05-07,NVDA,3,4,0,1,2
2026-05-07,SIVE,5,7,1,0,4
2026-05-07,SOI,3,3,1,1,1
2026-05-07,TOWA,1,1,0,0,1
2026-05-08,AAOI,1,1,0,1,0
2026-05-08,AAPL,1,1,0,0,1
2026-05-08,AEVA,1,1,0,0,1
2026-05-08,AMD,1,1,0,0,1
2026-05-08,ARM,1,1,0,0,1
2026-05-08,AXTI,4,4,1,1,2
2026-05-08,BOA,1,1,0,1,0
2026-05-08,COHR,1,1,0,1,0
2026-05-08,FISV,1,1,1,0,0
2026-05-08,FLNC,2,2,0,2,0
2026-05-08,FNF,1,1,0,1,0
2026-05-08,HPS.A,1,1,0,1,0
2026-05-08,IBKR,1,1,0,1,0
2026-05-08,INTC,2,2,1,1,0
2026-05-08,IQE,1,1,1,0,0
2026-05-08,IREN,2,2,0,0,2
2026-05-08,JBL,3,3,0,1,2
2026-05-08,LITE,3,3,0,2,1
2026-05-08,MRVL,1,1,0,0,1
2026-05-08,MTSI,1,1,0,0,1
2026-05-08,NVO,1,1,1,0,0
2026-05-08,POET,1,1,0,0,1
2026-05-08,PYPL,1,1,1,0,0
2026-05-08,RDDT,1,1,1,0,0
2026-05-08,SCHW,1,1,0,1,0
2026-05-08,SIVE,5,8,0,2,3
2026-05-08,SNDK,3,3,1,1,1
2026-05-08,SOI,2,2,1,1,0
2026-05-09,AAPL,1,1,1,0,0
2026-05-09,AXTI,4,4,0,1,3
2026-05-09,GOOGL,1,1,0,0,1
2026-05-09,IBKR,2,4,1,0,1
2026-05-09,INTC,1,1,1,0,0
2026-05-09,LITE,1,1,0,0,1
2026-05-09,LPK,1,1,1,0,0
2026-05-09,MU,1,2,1,0,0
2026-05-09,NBIS,1,1,1,0,0
2026-05-09,NVDA,2,2,1,0,1
2026-05-09,RDDT,1,1,0,0,1
2026-05-09,SIVE,3,5,1,0,2
2026-05-09,SNDK,1,1,1,0,0
2026-05-09,TSM,1,2,1,0,0
2026-05-09,VRT,1,1,0,0,1
2026-05-10,AEHR,1,1,0,1,0
2026-05-10,AMD,1,1,1,0,0
2026-05-10,AMZN,1,1,0,1,0
2026-05-10,ASGLY,1,1,1,0,0
2026-05-10,DSCSY,1,1,1,0,0
2026-05-10,EWY,1,2,0,1,0
2026-05-10,GLW,1,1,1,0,0
2026-05-10,INTC,1,1,1,0,0
2026-05-10,KLAC,1,1,1,0,0
2026-05-10,LPK,1,1,1,0,0
2026-05-10,LRCX,1,1,1,0,0
2026-05-10,MU,2,2,1,1,0
2026-05-10,NIDGY,1,1,1,0,0
2026-05-10,NVDA,2,2,1,1,0
2026-05-10,ONTO,1,1,1,0,0
2026-05-10,RDDT,1,1,1,0,0
2026-05-10,SIVE,1,1,0,1,0
2026-05-10,SMHSF,1,1,1,0,0
2026-05-11,1000,1,1,0,1,0
2026-05-11,AAOI,8,9,0,3,5
2026-05-11,AAPL,1,1,0,0,1
2026-05-11,AEHR,3,3,0,1,2
2026-05-11,ALRIB,1,1,0,0,1
2026-05-11,AMD,1,1,0,0,1
2026-05-11,AMZN,2,2,0,1,1
2026-05-11,ASX,1,1,1,0,0
2026-05-11,AXTI,1,1,1,0,0
2026-05-11,COHR,2,2,1,0,1
2026-05-11,FLNC,3,4,0,1,2
2026-05-11,GFS,1,1,1,0,0
2026-05-11,GOOGL,2,2,0,1,1
2026-05-11,HIMS,1,1,0,0,1
2026-05-11,IQE,2,2,1,1,0
2026-05-11,IREN,3,7,0,1,2
2026-05-11,JBL,1,1,0,0,1
2026-05-11,LITE,5,6,1,1,3
2026-05-11,LPK,2,2,0,1,1
2026-05-11,MRVL,1,1,0,0,1
2026-05-11,MSFT,2,2,0,1,1
2026-05-11,MTSI,2,2,1,1,0
2026-05-11,MU,1,1,0,1,0
2026-05-11,MXL,1,1,0,0,1
2026-05-11,NBIS,3,4,0,2,1
2026-05-11,NVDA,3,3,0,1,2
2026-05-11,POET,1,1,0,0,1
2026-05-11,SIVE,12,12,3,2,7
2026-05-11,SNDK,2,2,0,1,1
2026-05-11,SOI,1,1,1,0,0
2026-05-11,SWGAY,1,1,1,0,0
2026-05-11,TSEM,1,1,1,0,0
2026-05-11,TSM,1,1,0,0,1
2026-05-11,UHR,1,1,1,0,0
2026-05-12,AAOI,4,4,1,0,3
2026-05-12,ABB,1,1,0,1,0
2026-05-12,ACUVI,1,1,0,1,0
2026-05-12,AEHR,1,1,0,0,1
2026-05-12,AEVA,1,1,0,1,0
2026-05-12,ALNT,1,1,0,1,0
2026-05-12,AMBA,1,1,0,1,0
2026-05-12,AMBQ,1,1,0,1,0
2026-05-12,ARBE,1,1,0,1,0
2026-05-12,ATOM,1,1,0,1,0
2026-05-12,AUR,1,1,0,1,0
2026-05-12,AVGO,1,1,0,1,0
2026-05-12,AXTI,2,2,1,0,1
2026-05-12,BAM,1,1,0,1,0
2026-05-12,BOT,1,2,0,1,0
2026-05-12,BSL,1,1,0,1,0
2026-05-12,CATL,1,1,0,1,0
2026-05-12,CGNX,1,1,0,1,0
2026-05-12,COHR,2,2,1,0,1
2026-05-12,CTH.V,1,1,0,1,0
2026-05-12,FLNC,2,2,1,0,1
2026-05-12,GFS,1,1,0,0,1
2026-05-12,HG,1,1,0,1,0
2026-05-12,HIMX,1,1,1,0,0
2026-05-12,HLIT,1,1,0,1,0
2026-05-12,HSYDF,1,1,0,1,0
2026-05-12,IMSR,1,1,0,1,0
2026-05-12,INDI,1,1,0,1,0
2026-05-12,IQE,1,1,0,0,1
2026-05-12,ISRG,1,1,0,1,0
2026-05-12,KDK,1,1,0,1,0
2026-05-12,KITT,1,1,0,1,0
2026-05-12,KLIC,1,1,0,1,0
2026-05-12,LITE,3,4,1,0,2
2026-05-12,LPK,2,2,1,0,1
2026-05-12,LSCC,1,1,0,1,0
2026-05-12,LWLG,1,1,0,0,1
2026-05-12,MBLY,1,2,0,1,0
2026-05-12,MKA,1,1,0,1,0
2026-05-12,MRAM,1,1,0,1,0
2026-05-12,MRLN,1,1,0,1,0
2026-05-12,MRVL,1,1,0,1,0
2026-05-12,NEO,1,1,0,1,0
2026-05-12,NOVT,1,2,0,1,0
2026-05-12,NVDA,3,5,2,1,0
2026-05-12,OUST,1,2,0,1,0
2026-05-12,PDY,1,1,0,1,0
2026-05-12,POET,1,1,0,0,1
2026-05-12,RKLB,1,1,1,0,0
2026-05-12,RPI,1,2,1,0,0
2026-05-12,RR,1,1,0,1,0
2026-05-12,SERV,1,1,0,1,0
2026-05-12,SHA.DE,1,1,0,1,0
2026-05-12,SIVE,8,10,2,0,6
2026-05-12,SOI,5,6,3,0,2
2026-05-12,SYM,1,1,0,1,0
2026-05-12,TSLA,1,1,1,0,0
2026-05-12,TSM,1,2,1,0,0
2026-05-12,VPG,1,2,0,1,0
2026-05-12,XBOT,1,1,0,1,0
2026-05-12,XPEV,1,1,0,1,0
2026-05-12,ZBRA,1,1,0,1,0
2026-05-13,AAOI,3,4,2,1,0
2026-05-13,AMZN,2,2,0,1,1
2026-05-13,AVGO,1,1,0,1,0
2026-05-13,CDNS,1,1,1,0,0
2026-05-13,HPS.A,1,1,0,1,0
2026-05-13,LITE,2,3,0,2,0
2026-05-13,MP,1,1,0,0,1
2026-05-13,MRVL,1,1,0,0,1
2026-05-13,NBIS,2,2,1,0,1
2026-05-13,NVDA,3,3,1,2,0
2026-05-13,POET,1,1,0,0,1
2026-05-13,SIVE,8,9,1,3,4
2026-05-13,SNDK,1,1,1,0,0
2026-05-13,SOI,1,1,0,1,0
2026-05-13,TSEM,4,4,1,2,1
2026-05-13,TSLA,2,2,1,0,1
2026-05-13,TSM,1,1,0,1,0
2026-05-14,AAPL,1,1,0,0,1
2026-05-14,AEVA,1,1,1,0,0
2026-05-14,AMAT,1,1,1,0,0
2026-05-14,AXTI,1,1,0,0,1
2026-05-14,BULL,1,1,0,1,0
2026-05-14,CBRS,2,2,0,1,1
2026-05-14,CRBS,2,2,1,0,1
2026-05-14,CRCL,1,1,0,1,0
2026-05-14,HIMX,1,1,0,1,0
2026-05-14,IQE,1,1,0,1,0
2026-05-14,JBL,4,4,2,0,2
2026-05-14,LITE,2,2,1,0,1
2026-05-14,MRVL,1,1,0,0,1
2026-05-14,NOK,1,1,1,0,0
2026-05-14,NVDA,2,2,0,2,0
2026-05-14,POET,5,7,1,2,2
2026-05-14,SIVE,6,10,1,1,4
2026-05-14,SOI,1,1,0,1,0
2026-05-14,TSLA,1,1,0,1,0
2026-05-14,TSM,2,2,0,2,0
2026-05-15,AAOI,1,1,0,1,0
2026-05-15,AEHR,1,1,0,1,0
2026-05-15,ALRIB,1,1,0,1,0
2026-05-15,AMZN,3,3,0,2,1
2026-05-15,ARM,1,1,0,1,0
2026-05-15,AXTI,4,4,1,2,1
2026-05-15,CITI,1,1,0,1,0
2026-05-15,CRCL,2,2,0,1,1
2026-05-15,EWY,1,1,0,1,0
2026-05-15,GDRZF,1,1,0,1,0
2026-05-15,GFS,1,1,0,1,0
2026-05-15,GOOGL,2,2,0,2,0
2026-05-15,HPS.A,1,1,0,0,1
2026-05-15,INTC,1,1,0,1,0
2026-05-15,IQE,1,1,0,1,0
2026-05-15,IREN,1,1,0,1,0
2026-05-15,LITE,2,3,0,2,0
2026-05-15,LPK,1,1,0,1,0
2026-05-15,LULU,1,1,0,0,1
2026-05-15,MRVL,1,1,0,1,0
2026-05-15,MU,1,1,0,0,1
2026-05-15,MXL,1,1,0,1,0
2026-05-15,NBIS,2,3,0,1,1
2026-05-15,OSS,1,1,0,1,0
2026-05-15,POET,1,1,0,0,1
2026-05-15,RPI,1,1,0,1,0
2026-05-15,SIMO,1,1,0,1,0
2026-05-15,SIVE,6,10,0,3,3
2026-05-15,SNDK,1,1,0,1,0
2026-05-15,SOI,2,2,0,1,1
2026-05-15,TSEM,1,1,0,1,0
2026-05-15,VPG,1,1,0,1,0
2026-05-16,AAOI,1,2,0,1,0
2026-05-16,AMD,1,1,0,1,0
2026-05-16,ASML,1,2,0,1,0
2026-05-16,COHR,1,1,0,1,0
2026-05-16,FN,1,1,0,1,0
2026-05-16,HOOD,1,1,0,1,0
2026-05-16,IBKR,1,1,0,1,0
2026-05-16,INTC,1,2,0,1,0
2026-05-16,IQE,1,3,0,1,0
2026-05-16,JBL,2,2,1,1,0
2026-05-16,LITE,2,5,1,1,0
2026-05-16,LPK,1,3,0,1,0
2026-05-16,MRVL,1,1,0,1,0
2026-05-16,MTSI,1,1,0,1,0
2026-05-16,NVDA,1,2,0,1,0
2026-05-16,POET,1,1,0,1,0
2026-05-16,SIVE,1,2,0,1,0
2026-05-16,SNDK,1,1,1,0,0
2026-05-17,AAOI,1,1,0,0,1
2026-05-17,AAPL,2,2,0,0,2
2026-05-17,AVGO,1,1,1,0,0
2026-05-17,AXTI,3,3,1,1,1
2026-05-17,BOT,1,1,1,0,0
2026-05-17,DELL,1,1,0,0,1
2026-05-17,FLNC,1,1,0,0,1
2026-05-17,HIMS,1,1,0,1,0
2026-05-17,IQE,1,1,0,0,1
2026-05-17,IREN,1,1,1,0,0
2026-05-17,KRUS,3,3,1,0,2
2026-05-17,LITE,1,1,0,0,1
2026-05-17,META,1,1,0,0,1
2026-05-17,MRVL,1,1,0,1,0
2026-05-17,NBIS,2,2,1,0,1
2026-05-17,NVDA,2,2,2,0,0
2026-05-17,PENG,2,2,0,2,0
2026-05-17,POET,1,2,1,0,0
2026-05-17,RKLB,1,1,0,1,0
2026-05-17,SMCI,3,3,0,2,1
2026-05-17,SOI,1,1,0,0,1
2026-05-17,TSEM,2,2,0,1,1
2026-05-17,TSM,1,1,1,0,0
2026-05-17,VCX,1,1,0,0,1
2026-05-18,AAOI,1,1,1,0,0
2026-05-18,BOT,1,1,0,1,0
2026-05-18,COHR,1,2,0,1,0
2026-05-18,LITE,3,5,1,1,1
2026-05-18,NBIS,1,1,1,0,0
2026-05-18,RPI,1,1,0,0,1
2026-05-18,SIVE,7,8,0,2,5
2026-05-18,SOI,2,2,1,1,0
2026-05-19,AAOI,1,1,0,0,1
2026-05-19,AAPL,2,2,1,1,0
2026-05-19,AEHR,1,1,0,0,1
2026-05-19,AEVA,1,1,0,1,0
2026-05-19,AMD,1,1,0,1,0
2026-05-19,ASST,1,1,0,1,0
2026-05-19,AXTI,1,1,0,0,1
2026-05-19,BKKT,1,1,0,1,0
2026-05-19,BOT,1,1,0,1,0
2026-05-19,IQE,1,1,0,0,1
2026-05-19,IREN,3,6,0,1,2
2026-05-19,JBL,1,1,0,1,0
2026-05-19,LITE,1,1,0,0,1
2026-05-19,MRVL,1,1,0,1,0
2026-05-19,NBIS,2,4,0,1,1
2026-05-19,NVDA,1,1,0,1,0
2026-05-19,POET,1,1,0,1,0
2026-05-19,SIVE,3,3,1,1,1
2026-05-19,SLNH,1,1,0,1,0
2026-05-19,SMCI,1,1,0,0,1
2026-05-19,TSLA,1,1,0,1,0
2026-05-20,AAOI,1,1,0,0,1
2026-05-20,AMD,1,1,0,1,0
2026-05-20,FN,1,1,0,1,0
2026-05-20,HOOD,1,1,0,0,1
2026-05-20,IBKR,1,1,0,0,1
2026-05-20,IQE,1,1,1,0,0
2026-05-20,JBL,4,4,1,0,3
2026-05-20,KRUS,1,1,0,1,0
2026-05-20,LITE,2,2,0,1,1
2026-05-20,MRVL,2,2,0,1,1
2026-05-20,NBIS,1,1,0,0,1
2026-05-20,NVDA,2,2,1,1,0
2026-05-20,RDDT,2,2,1,0,1
2026-05-20,RKLB,1,1,0,0,1
2026-05-20,SIVE,9,15,2,3,4
2026-05-20,SOI,1,1,1,0,0
2026-05-20,TE,1,1,1,0,0
2026-05-20,TSEM,1,1,1,0,0
2026-05-21,AMD,1,2,0,1,0
2026-05-21,ARM,1,1,0,1,0
2026-05-21,ASX,1,1,0,1,0
2026-05-21,AXTI,3,3,0,2,1
2026-05-21,IREN,2,3,0,1,1
2026-05-21,MU,1,1,0,1,0
2026-05-21,NBIS,2,2,0,1,1
2026-05-21,RDDT,1,1,0,1,0
2026-05-21,RKLB,2,2,1,0,1
2026-05-21,SANM,1,1,0,1,0
2026-05-21,SIVE,2,3,0,2,0
2026-05-21,SOI,1,1,0,1,0
2026-05-21,TSEM,1,1,0,1,0
2026-05-22,AAOI,2,3,0,0,2
2026-05-22,AAPL,1,1,0,0,1
2026-05-22,ALRIB,1,1,1,0,0
2026-05-22,AXTI,2,2,0,1,1
2026-05-22,BABA,1,1,1,0,0
2026-05-22,COHR,1,1,0,0,1
2026-05-22,FUTU,1,1,1,0,0
2026-05-22,GOOGL,1,1,1,0,0
2026-05-22,INTC,2,2,0,1,1
2026-05-22,IQE,1,1,1,0,0
2026-05-22,JBL,2,2,0,1,1
2026-05-22,LITE,2,4,0,1,1
2026-05-22,LPK,2,2,1,1,0
2026-05-22,META,1,1,1,0,0
2026-05-22,MRVL,1,1,0,1,0
2026-05-22,NBIS,2,2,0,1,1
2026-05-22,NOK,1,1,0,0,1
2026-05-22,NVDA,1,1,0,0,1
2026-05-22,PDD,1,1,1,0,0
2026-05-22,POET,1,1,0,1,0
2026-05-22,RKLB,1,1,0,0,1
2026-05-22,RTX,1,1,0,0,1
2026-05-22,SIVE,8,9,0,4,4
2026-05-22,SOI,1,1,1,0,0
2026-05-22,TIGR,1,1,1,0,0
2026-05-22,TSM,1,1,0,0,1
2026-05-22,XLU,1,1,0,0,1
2026-05-22,YSS,1,1,0,0,1
2026-05-23,4000,1,1,0,0,1
2026-05-23,AAOI,4,7,1,2,1
2026-05-23,AEHR,2,2,1,1,0
2026-05-23,ALRIB,1,1,0,1,0
2026-05-23,ARM,1,1,0,1,0
2026-05-23,AXTI,3,4,1,1,1
2026-05-23,COHR,1,1,1,0,0
2026-05-23,CRCL,1,1,0,1,0
2026-05-23,EWY,1,1,0,1,0
2026-05-23,GDRZF,1,1,0,1,0
2026-05-23,INTC,1,1,0,1,0
2026-05-23,IQE,1,1,0,1,0
2026-05-23,JBL,2,2,1,1,0
2026-05-23,LITE,4,9,2,1,1
2026-05-23,LPK,2,2,1,1,0
2026-05-23,MRVL,1,1,0,1,0
2026-05-23,MU,1,1,0,1,0
2026-05-23,NBIS,1,1,0,1,0
2026-05-23,OSS,1,1,0,1,0
2026-05-23,RPI,1,1,0,1,0
2026-05-23,SIMO,1,1,0,1,0
2026-05-23,SIVE,6,11,2,3,1
2026-05-23,SNDK,2,2,1,1,0
2026-05-23,SOI,3,4,1,1,1
2026-05-23,TSEM,2,2,1,1,0
2026-05-23,VPG,1,1,0,1,0
2026-05-24,AAPL,1,1,0,0,1
2026-05-24,AEVA,2,2,0,1,1
2026-05-24,AXTI,3,3,1,1,1
2026-05-24,GFS,1,1,0,0,1
2026-05-24,HIMX,1,1,0,1,0
2026-05-24,INTC,1,1,0,1,0
2026-05-24,IQE,1,1,1,0,0
2026-05-24,JBL,1,1,0,0,1
2026-05-24,MU,1,1,1,0,0
2026-05-24,NBIS,1,1,1,0,0
2026-05-24,NOK,1,1,0,0,1
2026-05-24,NVDA,5,5,2,1,2
2026-05-24,NVTS,1,1,1,0,0
2026-05-24,POET,1,2,0,0,1
2026-05-24,RTX,1,1,0,0,1
2026-05-24,SIVE,5,10,1,2,2
2026-05-24,SNDK,1,1,1,0,0
2026-05-24,SOI,2,2,1,1,0
2026-05-24,TSM,1,1,1,0,0
2026-05-24,VPG,1,1,0,1,0
2026-05-24,WOLF,1,1,1,0,0
2026-05-24,YSS,1,1,0,0,1
2026-05-25,AAOI,2,2,0,2,0
2026-05-25,AEVA,1,1,0,1,0
2026-05-25,ALRIB,1,1,0,0,1
2026-05-25,AXTI,4,4,0,3,1
2026-05-25,EWY,2,2,0,2,0
2026-05-25,IQE,2,2,0,2,0
2026-05-25,JBL,2,2,0,1,1
2026-05-25,LASR,1,1,1,0,0
2026-05-25,LITE,2,2,0,1,1
2026-05-25,LPK,1,1,0,1,0
2026-05-25,NVDA,1,1,1,0,0
2026-05-25,PL,1,1,1,0,0
2026-05-25,POET,2,2,0,1,1
2026-05-25,RDDT,1,1,0,0,1
2026-05-25,RKLB,1,1,1,0,0
2026-05-25,RPI,1,2,0,1,0
2026-05-25,SIVE,14,20,2,5,7
2026-05-25,SNDK,1,1,0,1,0
2026-05-25,SOI,3,3,0,2,1
2026-05-25,SPCX,1,1,1,0,0
2026-05-25,TSLA,1,1,1,0,0
2026-05-26,AAOI,2,2,1,1,0
2026-05-26,AXTI,1,1,1,0,0
2026-05-26,COHR,1,1,0,1,0
2026-05-26,JBL,2,2,0,0,2
2026-05-26,LITE,1,1,0,1,0
2026-05-26,MTSI,1,1,0,1,0
2026-05-26,MU,1,1,0,1,0
2026-05-26,NVDA,2,2,0,2,0
2026-05-26,NVTS,2,2,0,2,0
2026-05-26,POET,1,1,0,0,1
2026-05-26,POWI,1,1,0,0,1
2026-05-26,RDDT,1,1,1,0,0
2026-05-26,SIVE,6,7,2,2,2
2026-05-26,TSEM,1,1,1,0,0
2026-05-26,TSLA,1,1,0,1,0
2026-05-26,VPG,1,1,0,1,0
2026-05-26,WOLF,1,1,0,0,1
2026-05-27,AAOI,5,8,1,1,3
2026-05-27,AMD,2,2,1,0,1
2026-05-27,AMZN,2,2,1,1,0
2026-05-27,AXTI,6,7,1,1,4
2026-05-27,COHR,1,1,0,1,0
2026-05-27,GFS,1,1,0,0,1
2026-05-27,INTC,1,1,0,0,1
2026-05-27,IQE,3,3,1,1,1
2026-05-27,IREN,1,1,1,0,0
2026-05-27,JBL,1,1,0,0,1
2026-05-27,LITE,3,4,1,1,1
2026-05-27,MRVL,2,4,1,0,1
2026-05-27,MSFT,1,1,0,1,0
2026-05-27,MTSI,1,1,0,0,1
2026-05-27,MU,1,1,0,0,1
2026-05-27,NBIS,1,1,1,0,0
2026-05-27,NOK,3,3,1,1,1
2026-05-27,NVDA,5,9,3,1,1
2026-05-27,NVTS,2,3,2,0,0
2026-05-27,POET,1,1,1,0,0
2026-05-27,POWI,2,3,2,0,0
2026-05-27,RPI,2,2,1,0,1
2026-05-27,SIVE,10,14,2,2,6
2026-05-27,SNDK,2,2,0,0,2
2026-05-27,SOI,7,7,3,1,3
2026-05-27,TSEM,1,1,1,0,0
2026-05-27,WOLF,1,1,1,0,0
2026-05-27,XFAB,7,10,2,2,3
2026-05-28,AAOI,2,2,0,1,1
2026-05-28,AAPL,1,1,1,0,0
2026-05-28,ALRIB,2,2,1,0,1
2026-05-28,AMD,2,2,1,1,0
2026-05-28,AMZN,1,1,1,0,0
2026-05-28,AVGO,1,1,0,0,1
2026-05-28,EWY,1,1,0,1,0
2026-05-28,GFS,1,1,1,0,0
2026-05-28,GOOGL,1,1,1,0,0
2026-05-28,HOOD,1,1,0,0,1
2026-05-28,HPS.A,1,1,0,1,0
2026-05-28,IQE,2,2,1,0,1
2026-05-28,IREN,1,1,0,1,0
2026-05-28,JBL,2,2,1,0,1
2026-05-28,LITE,1,3,1,0,0
2026-05-28,LPK,1,1,1,0,0
2026-05-28,META,1,1,1,0,0
2026-05-28,MRVL,1,1,1,0,0
2026-05-28,MSFT,1,1,1,0,0
2026-05-28,MTSI,2,2,2,0,0
2026-05-28,NOK,2,2,2,0,0
2026-05-28,NVDA,2,3,1,1,0
2026-05-28,NVTS,1,1,1,0,0
2026-05-28,POET,1,1,1,0,0
2026-05-28,RPI,3,4,2,0,1
2026-05-28,SIVE,7,19,4,0,3
2026-05-28,SOI,8,9,2,2,4
2026-05-28,WOLF,1,1,1,0,0
2026-05-28,XFAB,4,4,2,0,2
2026-05-28,YSS,1,1,1,0,0
2026-05-29,AAOI,3,4,1,1,1
2026-05-29,AAPL,1,1,1,0,0
2026-05-29,AVGO,2,2,2,0,0
2026-05-29,AXTI,1,1,0,1,0
2026-05-29,CRM,1,1,1,0,0
2026-05-29,DELL,1,1,1,0,0
2026-05-29,FIG,1,1,1,0,0
2026-05-29,INTC,2,2,1,0,1
2026-05-29,JBL,6,7,2,0,4
2026-05-29,LITE,3,4,2,0,1
2026-05-29,MRVL,1,1,1,0,0
2026-05-29,NBIS,1,1,1,0,0
2026-05-29,NVDA,1,2,0,1,0
2026-05-29,RKLB,1,1,1,0,0
2026-05-29,RPI,1,1,0,1,0
2026-05-29,SIVE,15,18,3,3,9
2026-05-29,SNDK,1,1,1,0,0
2026-05-29,TSM,1,1,0,1,0
2026-05-29,XFAB,1,1,0,1,0
2026-05-30,AAOI,1,1,1,0,0
2026-05-30,AAPL,1,1,1,0,0
2026-05-30,AXTI,1,1,0,0,1
2026-05-30,HIMS,1,1,0,0,1
2026-05-30,MSFT,1,1,1,0,0
2026-05-30,NVDA,1,1,1,0,0
2026-05-30,PYPL,1,1,0,0,1
2026-05-30,RDDT,1,1,1,0,0
2026-05-30,SPCE,1,1,1,0,0
2026-05-30,SPCX,1,1,1,0,0
2026-05-30,UNH,1,1,0,0,1
